universe,benchmark,final_wealth,annualized_return,annualized_volatility,annualized_sharpe,mean_turnover
tech14,EqualWeight,7.987364287739899,0.24448550128436186,0.2373736999864555,1.0409602870047123,0.0
tech14,RollingMinVar,4.154947005915601,0.1617485971688608,0.20211484678475583,0.8432351533003868,0.20181892878687785
market20,EqualWeight,4.201463593071804,0.16311087475178954,0.1695111818615474,0.9765482291631371,0.0
market20,RollingMinVar,3.473139759370163,0.14003486314618296,0.15250155163016238,0.935929967030906,0.23048341990944876
