algorithm,runtime_sec
DNSGA-II-A,11.711373405005725
DNSGA-II-B,12.382193295002798
FITO,9.261573585002044
KGB-DMOEA,214.8319929949983
NSGA-II,8.160434425000858
